,CCAA,FECHA,CASOS,Hospitalizados,UCI,Fallecidos,Recuperados
0,AN,20/2/2020,,,,,
1,AR,20/2/2020,,,,,
2,AS,20/2/2020,,,,,
3,IB,20/2/2020,1.0,,,,
4,CN,20/2/2020,1.0,,,,
5,CB,20/2/2020,,,,,
6,CM,20/2/2020,,,,,
7,CL,20/2/2020,0.0,,,,
8,CT,20/2/2020,,,,,
9,CE,20/2/2020,,,,,
10,VC,20/2/2020,,26.0,0.0,,
11,EX,20/2/2020,,,,,
12,GA,20/2/2020,,,,,
13,MD,20/2/2020,,,,,
14,ML,20/2/2020,,,,,
15,MC,20/2/2020,,,,,
16,NC,20/2/2020,,,,,
17,PV,20/2/2020,,,,,
18,RI,20/2/2020,,,,,
19,AN,21/2/2020,,,,,
20,AR,21/2/2020,,,,,
21,AS,21/2/2020,,,,,
22,IB,21/2/2020,1.0,,,,
23,CN,21/2/2020,1.0,,,,
24,CB,21/2/2020,,,,,
25,CM,21/2/2020,,,,,
26,CL,21/2/2020,0.0,,,,
27,CT,21/2/2020,,,,,
28,CE,21/2/2020,,,,,
29,VC,21/2/2020,,30.0,1.0,,
30,EX,21/2/2020,,,,,
31,GA,21/2/2020,,,,,
32,MD,21/2/2020,,,,,
33,ML,21/2/2020,,,,,
34,MC,21/2/2020,,,,,
35,NC,21/2/2020,,,,,
36,PV,21/2/2020,,,,,
37,RI,21/2/2020,,,,,
38,AN,22/2/2020,,,,,
39,AR,22/2/2020,,,,,
40,AS,22/2/2020,,,,,
41,IB,22/2/2020,1.0,,,,
42,CN,22/2/2020,1.0,,,,
43,CB,22/2/2020,,,,,
44,CM,22/2/2020,,,,,
45,CL,22/2/2020,0.0,,,,
46,CT,22/2/2020,,,,,
47,CE,22/2/2020,,,,,
48,VC,22/2/2020,,33.0,1.0,,
49,EX,22/2/2020,,,,,
50,GA,22/2/2020,,,,,
51,MD,22/2/2020,,,,,
52,ML,22/2/2020,,,,,
53,MC,22/2/2020,,,,,
54,NC,22/2/2020,,,,,
55,PV,22/2/2020,,,,,
56,RI,22/2/2020,,,,,
57,AN,23/2/2020,,,,,
58,AR,23/2/2020,,,,,
59,AS,23/2/2020,,,,,
60,IB,23/2/2020,1.0,,,,
61,CN,23/2/2020,1.0,,,,
62,CB,23/2/2020,,,,,
63,CM,23/2/2020,,,,,
64,CL,23/2/2020,0.0,,,,
65,CT,23/2/2020,,,,,
66,CE,23/2/2020,,,,,
67,VC,23/2/2020,,38.0,2.0,,
68,EX,23/2/2020,,,,,
69,GA,23/2/2020,,,,,
70,MD,23/2/2020,,,,,
71,ML,23/2/2020,,,,,
72,MC,23/2/2020,,,,,
73,NC,23/2/2020,,,,,
74,PV,23/2/2020,,,,,
75,RI,23/2/2020,,,,,
76,AN,24/2/2020,,,,,
77,AR,24/2/2020,,,,,
78,AS,24/2/2020,,,,,
79,IB,24/2/2020,1.0,,,,
80,CN,24/2/2020,2.0,,,,
81,CB,24/2/2020,,,,,
82,CM,24/2/2020,,,,,
83,CL,24/2/2020,0.0,,,,
84,CT,24/2/2020,,,,,
85,CE,24/2/2020,,,,,
86,VC,24/2/2020,,49.0,2.0,,
87,EX,24/2/2020,,,,,
88,GA,24/2/2020,,,,,
89,MD,24/2/2020,,,,,
90,ML,24/2/2020,,,,,
91,MC,24/2/2020,,,,,
92,NC,24/2/2020,,,,,
93,PV,24/2/2020,,,,,
94,RI,24/2/2020,,,,,
95,AN,25/2/2020,,,,,
96,AR,25/2/2020,,,,,
97,AS,25/2/2020,,,,,
98,IB,25/2/2020,1.0,,,,
99,CN,25/2/2020,5.0,,,,
100,CB,25/2/2020,,,,,
101,CM,25/2/2020,,,,,
102,CL,25/2/2020,0.0,,,,
103,CT,25/2/2020,1.0,,,,
104,CE,25/2/2020,,,,,
105,VC,25/2/2020,1.0,58.0,2.0,,
106,EX,25/2/2020,,,,,
107,GA,25/2/2020,,,,,
108,MD,25/2/2020,2.0,,,,
109,ML,25/2/2020,,,,,
110,MC,25/2/2020,,,,,
111,NC,25/2/2020,,,,,
112,PV,25/2/2020,,,,,
113,RI,25/2/2020,,,,,
114,AN,26/2/2020,1.0,,,,
115,AR,26/2/2020,,,,,
116,AS,26/2/2020,,,,,
117,IB,26/2/2020,1.0,,,,
118,CN,26/2/2020,6.0,,,,
119,CB,26/2/2020,,,,,
120,CM,26/2/2020,,,,,
121,CL,26/2/2020,0.0,,,,
122,CT,26/2/2020,2.0,,,,
123,CE,26/2/2020,,,,,
124,VC,26/2/2020,2.0,63.0,3.0,,
125,EX,26/2/2020,,,,,
126,GA,26/2/2020,,,,,
127,MD,26/2/2020,4.0,,,,
128,ML,26/2/2020,,,,,
129,MC,26/2/2020,,,,,
130,NC,26/2/2020,,,,,
131,PV,26/2/2020,,,,,
132,RI,26/2/2020,,,,,
133,AN,27/2/2020,6.0,,,,
134,AR,27/2/2020,,,,,
135,AS,27/2/2020,,,,,
136,IB,27/2/2020,1.0,,,,
137,CN,27/2/2020,6.0,,,,
138,CB,27/2/2020,,,,,
139,CM,27/2/2020,,,,,
140,CL,27/2/2020,0.0,,,,
141,CT,27/2/2020,3.0,,,,
142,CE,27/2/2020,,,,,
143,VC,27/2/2020,8.0,73.0,3.0,,
144,EX,27/2/2020,,,,,
145,GA,27/2/2020,,,,,
146,MD,27/2/2020,5.0,,,,
147,ML,27/2/2020,,,,,
148,MC,27/2/2020,,,,,
149,NC,27/2/2020,,,,,
150,PV,27/2/2020,,,,,
151,RI,27/2/2020,,,,,
152,AN,28/2/2020,8.0,,,,
153,AR,28/2/2020,,,,,
154,AS,28/2/2020,,,,,
155,IB,28/2/2020,2.0,,,,
156,CN,28/2/2020,6.0,,,,
157,CB,28/2/2020,,,,,
158,CM,28/2/2020,,,,,
159,CL,28/2/2020,2.0,,,,
160,CT,28/2/2020,5.0,,,,
161,CE,28/2/2020,,,,,
162,VC,28/2/2020,10.0,78.0,3.0,,
163,EX,28/2/2020,,,,,
164,GA,28/2/2020,,,,,
165,MD,28/2/2020,8.0,,,,
166,ML,28/2/2020,,,,,
167,MC,28/2/2020,,,,,
168,NC,28/2/2020,,,,,
169,PV,28/2/2020,2.0,,,,
170,RI,28/2/2020,,,,,
171,AN,29/2/2020,12.0,,,,
172,AR,29/2/2020,,,,,
173,AS,29/2/2020,1.0,,,,
174,IB,29/2/2020,2.0,,,,
175,CN,29/2/2020,7.0,,,,
176,CB,29/2/2020,1.0,,,,
177,CM,29/2/2020,1.0,,,,
178,CL,29/2/2020,2.0,,,,
179,CT,29/2/2020,6.0,,,,
180,CE,29/2/2020,,,,,
181,VC,29/2/2020,15.0,85.0,3.0,,
182,EX,29/2/2020,4.0,,,,
183,GA,29/2/2020,,,,,
184,MD,29/2/2020,10.0,,,,
185,ML,29/2/2020,,,,,
186,MC,29/2/2020,,,,,
187,NC,29/2/2020,1.0,,,,
188,PV,29/2/2020,3.0,,,,
189,RI,29/2/2020,,,,,
190,AN,1/3/2020,12.0,,,,
191,AR,1/3/2020,,,,,
192,AS,1/3/2020,1.0,,,,
193,IB,1/3/2020,2.0,,,,
194,CN,1/3/2020,7.0,,,,
195,CB,1/3/2020,10.0,,,,
196,CM,1/3/2020,3.0,,,,
197,CL,1/3/2020,2.0,,,,
198,CT,1/3/2020,15.0,,,,
199,CE,1/3/2020,,,,,
200,VC,1/3/2020,15.0,88.0,3.0,,
201,EX,1/3/2020,6.0,,,,
202,GA,1/3/2020,,,,,
203,MD,1/3/2020,29.0,,,,
204,ML,1/3/2020,,,,,
205,MC,1/3/2020,,,,,
206,NC,1/3/2020,1.0,,,,
207,PV,1/3/2020,9.0,,,,
208,RI,1/3/2020,1.0,,,,
209,AN,2/3/2020,12.0,,,,
210,AR,2/3/2020,0.0,,,,
211,AS,2/3/2020,1.0,,,,
212,IB,2/3/2020,2.0,,,,
213,CN,2/3/2020,7.0,,,,
214,CB,2/3/2020,10.0,,,,
215,CM,2/3/2020,7.0,,,,
216,CL,2/3/2020,7.0,,,,
217,CT,2/3/2020,15.0,,,,
218,CE,2/3/2020,0.0,,,,
219,VC,2/3/2020,15.0,93.0,3.0,,
220,EX,2/3/2020,6.0,,,,
221,GA,2/3/2020,0.0,,,,
222,MD,2/3/2020,49.0,,,,
223,ML,2/3/2020,0.0,,,,
224,MC,2/3/2020,0.0,,,,
225,NC,2/3/2020,1.0,,,,
226,PV,2/3/2020,13.0,,,,
227,RI,2/3/2020,3.0,,,,
228,AN,3/3/2020,12.0,,,,
229,AR,3/3/2020,0.0,,,,
230,AS,3/3/2020,2.0,,,,
231,IB,3/3/2020,5.0,,,,
232,CN,3/3/2020,7.0,,,,
233,CB,3/3/2020,10.0,,,,
234,CM,3/3/2020,12.0,,,,
235,CL,3/3/2020,8.0,,,,
236,CT,3/3/2020,15.0,,,,
237,CE,3/3/2020,0.0,,,,
238,VC,3/3/2020,19.0,105.0,5.0,,
239,EX,3/3/2020,6.0,,,,
240,GA,3/3/2020,1.0,,,,
241,MD,3/3/2020,70.0,,,,
242,ML,3/3/2020,0.0,,,,
243,MC,3/3/2020,0.0,,,,
244,NC,3/3/2020,3.0,,,,
245,PV,3/3/2020,17.0,,,,
246,RI,3/3/2020,7.0,,,,
247,AN,4/3/2020,12.0,,,,
248,AR,4/3/2020,1.0,,,,
249,AS,4/3/2020,5.0,,,,
250,IB,4/3/2020,6.0,,,,
251,CN,4/3/2020,8.0,,,,
252,CB,4/3/2020,10.0,,,,
253,CM,4/3/2020,13.0,,,,
254,CL,4/3/2020,12.0,,,,
255,CT,4/3/2020,24.0,,,,
256,CE,4/3/2020,0.0,,,,
257,VC,4/3/2020,19.0,117.0,6.0,,
258,EX,4/3/2020,6.0,,,,
259,GA,4/3/2020,1.0,,,,
260,MD,4/3/2020,90.0,,,,
261,ML,4/3/2020,0.0,,,,
262,MC,4/3/2020,0.0,,,,
263,NC,4/3/2020,3.0,,,,
264,PV,4/3/2020,17.0,,,,
265,RI,4/3/2020,11.0,,,,
266,AN,5/3/2020,21.0,,,,
267,AR,5/3/2020,6.0,,,,
268,AS,5/3/2020,5.0,,,,
269,IB,5/3/2020,6.0,,,,
270,CN,5/3/2020,11.0,,,,
271,CB,5/3/2020,10.0,,,,
272,CM,5/3/2020,15.0,,,,
273,CL,5/3/2020,13.0,,,,
274,CT,5/3/2020,24.0,,,,
275,CE,5/3/2020,0.0,,,,
276,VC,5/3/2020,30.0,130.0,8.0,,
277,EX,5/3/2020,6.0,,,,
278,GA,5/3/2020,3.0,,,,
279,MD,5/3/2020,137.0,,,,
280,ML,5/3/2020,0.0,,,,
281,MC,5/3/2020,0.0,,,,
282,NC,5/3/2020,3.0,,,,
283,PV,5/3/2020,45.0,,,,
284,RI,5/3/2020,29.0,,,,
285,AN,6/3/2020,27.0,,,,
286,AR,6/3/2020,11.0,,,,
287,AS,6/3/2020,5.0,,,,
288,IB,6/3/2020,6.0,,,,
289,CN,6/3/2020,11.0,,,,
290,CB,6/3/2020,10.0,,,,
291,CM,6/3/2020,15.0,,,,
292,CL,6/3/2020,14.0,,,,
293,CT,6/3/2020,24.0,,,,
294,CE,6/3/2020,0.0,,,,
295,VC,6/3/2020,30.0,138.0,8.0,,
296,EX,6/3/2020,6.0,,,,
297,GA,6/3/2020,3.0,,,,
298,MD,6/3/2020,137.0,,,,
299,ML,6/3/2020,0.0,,,,
300,MC,6/3/2020,0.0,,,,
301,NC,6/3/2020,3.0,,,,
302,PV,6/3/2020,45.0,,,,
303,RI,6/3/2020,39.0,,,,
304,AN,7/3/2020,34.0,,,,
305,AR,7/3/2020,11.0,,,,
306,AS,7/3/2020,7.0,,,,
307,IB,7/3/2020,8.0,,,,
308,CN,7/3/2020,17.0,,,,
309,CB,7/3/2020,12.0,,,,
310,CM,7/3/2020,15.0,,,,
311,CL,7/3/2020,21.0,,,,
312,CT,7/3/2020,49.0,,,,
313,CE,7/3/2020,0.0,,,,
314,VC,7/3/2020,37.0,146.0,9.0,,
315,EX,7/3/2020,6.0,,,,
316,GA,7/3/2020,5.0,,,,
317,MD,7/3/2020,175.0,,,,
318,ML,7/3/2020,0.0,,,,
319,MC,7/3/2020,1.0,,,,
320,NC,7/3/2020,3.0,,,,
321,PV,7/3/2020,70.0,,,,
322,RI,7/3/2020,55.0,,,,
323,AN,8/3/2020,54.0,,1.0,0.0,11.0
324,AR,8/3/2020,13.0,,3.0,3.0,
325,AS,8/3/2020,7.0,,2.0,0.0,
326,IB,8/3/2020,11.0,,1.0,0.0,2.0
327,CN,8/3/2020,22.0,,0.0,0.0,4.0
328,CB,8/3/2020,12.0,,0.0,0.0,
329,CM,8/3/2020,26.0,,2.0,0.0,2.0
330,CL,8/3/2020,30.0,,2.0,0.0,
331,CT,8/3/2020,75.0,,,,
332,CE,8/3/2020,0.0,,0.0,0.0,
333,VC,8/3/2020,37.0,153.0,9.0,1.0,1.0
334,EX,8/3/2020,7.0,,0.0,0.0,1.0
335,GA,8/3/2020,6.0,,2.0,0.0,
336,MD,8/3/2020,469.0,,53.0,16.0,
337,ML,8/3/2020,0.0,,0.0,0.0,
338,MC,8/3/2020,4.0,,0.0,0.0,
339,NC,8/3/2020,3.0,,1.0,0.0,
340,PV,8/3/2020,149.0,,5.0,6.0,2.0
341,RI,8/3/2020,81.0,,1.0,0.0,
342,AN,9/3/2020,71.0,,1.0,0.0,11.0
343,AR,9/3/2020,38.0,,3.0,4.0,0.0
344,AS,9/3/2020,22.0,,2.0,0.0,1.0
345,IB,9/3/2020,13.0,,1.0,0.0,3.0
346,CN,9/3/2020,25.0,,1.0,0.0,5.0
347,CB,9/3/2020,12.0,,0.0,0.0,
348,CM,9/3/2020,39.0,,3.0,0.0,2.0
349,CL,9/3/2020,40.0,,2.0,0.0,
350,CT,9/3/2020,124.0,,,,
351,CE,9/3/2020,,,0.0,0.0,
352,VC,9/3/2020,50.0,171.0,10.0,1.0,1.0
353,EX,9/3/2020,8.0,,0.0,0.0,1.0
354,GA,9/3/2020,22.0,,2.0,0.0,
355,MD,9/3/2020,782.0,,77.0,21.0,109.0
356,ML,9/3/2020,,,0.0,0.0,
357,MC,9/3/2020,9.0,,0.0,0.0,
358,NC,9/3/2020,12.0,,2.0,0.0,
359,PV,9/3/2020,195.0,,5.0,6.0,2.0
360,RI,9/3/2020,144.0,,1.0,1.0,
361,AN,10/3/2020,90.0,32.0,3.0,0.0,11.0
362,AR,10/3/2020,45.0,22.0,3.0,4.0,0.0
363,AS,10/3/2020,32.0,12.0,2.0,0.0,1.0
364,IB,10/3/2020,16.0,8.0,1.0,0.0,1.0
365,CN,10/3/2020,37.0,10.0,1.0,0.0,5.0
366,CB,10/3/2020,12.0,0.0,0.0,0.0,0.0
367,CM,10/3/2020,71.0,0.0,5.0,0.0,2.0
368,CL,10/3/2020,64.0,14.0,2.0,0.0,0.0
369,CT,10/3/2020,156.0,,,,
370,CE,10/3/2020,0.0,0.0,0.0,0.0,0.0
371,VC,10/3/2020,65.0,200.0,12.0,1.0,1.0
372,EX,10/3/2020,9.0,2.0,1.0,1.0,1.0
373,GA,10/3/2020,35.0,7.0,2.0,0.0,0.0
374,MD,10/3/2020,1024.0,0.0,102.0,31.0,157.0
375,ML,10/3/2020,0.0,0.0,0.0,0.0,0.0
376,MC,10/3/2020,11.0,4.0,0.0,0.0,0.0
377,NC,10/3/2020,46.0,10.0,3.0,0.0,0.0
378,PV,10/3/2020,225.0,102.0,15.0,6.0,2.0
379,RI,10/3/2020,179.0,13.0,1.0,2.0,1.0
380,AN,11/3/2020,115.0,50.0,4.0,0.0,11.0
381,AR,11/3/2020,64.0,28.0,3.0,6.0,0.0
382,AS,11/3/2020,47.0,12.0,2.0,1.0,1.0
383,IB,11/3/2020,22.0,8.0,2.0,1.0,1.0
384,CN,11/3/2020,51.0,15.0,3.0,0.0,5.0
385,CB,11/3/2020,16.0,3.0,0.0,0.0,6.0
386,CM,11/3/2020,115.0,39.0,9.0,1.0,2.0
387,CL,11/3/2020,71.0,24.0,2.0,0.0,0.0
388,CT,11/3/2020,260.0,,,,
389,CE,11/3/2020,0.0,0.0,0.0,0.0,0.0
390,VC,11/3/2020,76.0,232.0,15.0,1.0,1.0
391,EX,11/3/2020,19.0,2.0,1.0,1.0,3.0
392,GA,11/3/2020,35.0,7.0,2.0,0.0,0.0
393,MD,11/3/2020,1388.0,0.0,135.0,56.0,157.0
394,ML,11/3/2020,0.0,0.0,0.0,0.0,0.0
395,MC,11/3/2020,26.0,5.0,1.0,0.0,0.0
396,NC,11/3/2020,73.0,17.0,3.0,0.0,0.0
397,PV,11/3/2020,346.0,146.0,18.0,11.0,1.0
398,RI,11/3/2020,205.0,21.0,1.0,2.0,1.0
399,AN,12/3/2020,219.0,92.0,8.0,0.0,0.0
400,AR,12/3/2020,80.0,30.0,3.0,7.0,0.0
401,AS,12/3/2020,67.0,16.0,2.0,1.0,1.0
402,IB,12/3/2020,28.0,9.0,2.0,1.0,1.0
403,CN,12/3/2020,70.0,15.0,3.0,0.0,5.0
404,CB,12/3/2020,29.0,3.0,0.0,0.0,7.0
405,CM,12/3/2020,194.0,78.0,10.0,5.0,1.0
406,CL,12/3/2020,92.0,25.0,4.0,0.0,1.0
407,CT,12/3/2020,316.0,,,,
408,CE,12/3/2020,0.0,0.0,0.0,0.0,0.0
409,VC,12/3/2020,94.0,271.0,22.0,1.0,2.0
410,EX,12/3/2020,39.0,3.0,1.0,1.0,3.0
411,GA,12/3/2020,85.0,15.0,2.0,0.0,0.0
412,MD,12/3/2020,1990.0,1304.0,180.0,81.0,157.0
413,ML,12/3/2020,2.0,3.0,0.0,0.0,0.0
414,MC,12/3/2020,35.0,8.0,2.0,0.0,0.0
415,NC,12/3/2020,130.0,28.0,4.0,0.0,0.0
416,PV,12/3/2020,417.0,179.0,20.0,14.0,2.0
417,RI,12/3/2020,243.0,27.0,2.0,3.0,1.0
418,AN,13/3/2020,269.0,92.0,8.0,2.0,0.0
419,AR,13/3/2020,121.0,42.0,5.0,7.0,0.0
420,AS,13/3/2020,92.0,16.0,2.0,1.0,1.0
421,IB,13/3/2020,28.0,9.0,2.0,1.0,1.0
422,CN,13/3/2020,90.0,15.0,6.0,1.0,7.0
423,CB,13/3/2020,31.0,3.0,0.0,0.0,7.0
424,CM,13/3/2020,289.0,78.0,10.0,6.0,5.0
425,CL,13/3/2020,169.0,25.0,8.0,1.0,2.0
426,CT,13/3/2020,509.0,,,,
427,CE,13/3/2020,0.0,0.0,0.0,0.0,0.0
428,VC,13/3/2020,130.0,307.0,29.0,4.0,2.0
429,EX,13/3/2020,66.0,3.0,1.0,2.0,4.0
430,GA,13/3/2020,115.0,32.0,7.0,0.0,3.0
431,MD,13/3/2020,2940.0,1518.0,180.0,86.0,474.0
432,ML,13/3/2020,3.0,3.0,0.0,0.0,0.0
433,MC,13/3/2020,47.0,8.0,2.0,0.0,0.0
434,NC,13/3/2020,146.0,28.0,4.0,0.0,0.0
435,PV,13/3/2020,521.0,179.0,22.0,14.0,5.0
436,RI,13/3/2020,278.0,38.0,2.0,3.0,1.0
437,AN,14/3/2020,437.0,92.0,8.0,6.0,0.0
438,AR,14/3/2020,147.0,59.0,5.0,7.0,0.0
439,AS,14/3/2020,137.0,16.0,3.0,1.0,1.0
440,IB,14/3/2020,42.0,9.0,2.0,1.0,1.0
441,CN,14/3/2020,109.0,15.0,6.0,1.0,7.0
442,CB,14/3/2020,51.0,3.0,0.0,0.0,10.0
443,CM,14/3/2020,401.0,78.0,10.0,10.0,5.0
444,CL,14/3/2020,223.0,45.0,8.0,3.0,3.0
445,CT,14/3/2020,715.0,,,,
446,CE,14/3/2020,1.0,0.0,0.0,0.0,0.0
447,VC,14/3/2020,409.0,339.0,37.0,5.0,2.0
448,EX,14/3/2020,95.0,8.0,1.0,2.0,4.0
449,GA,14/3/2020,195.0,32.0,8.0,2.0,4.0
450,MD,14/3/2020,3544.0,2337.0,253.0,213.0,474.0
451,ML,14/3/2020,8.0,4.0,0.0,0.0,0.0
452,MC,14/3/2020,71.0,13.0,2.0,0.0,0.0
453,NC,14/3/2020,183.0,34.0,4.0,0.0,0.0
454,PV,14/3/2020,630.0,262.0,29.0,23.0,5.0
455,RI,14/3/2020,300.0,58.0,7.0,3.0,1.0
456,AN,15/3/2020,554.0,197.0,11.0,7.0,0.0
457,AR,15/3/2020,174.0,64.0,7.0,11.0,0.0
458,AS,15/3/2020,177.0,16.0,3.0,1.0,3.0
459,IB,15/3/2020,73.0,21.0,4.0,1.0,1.0
460,CN,15/3/2020,119.0,40.0,9.0,1.0,7.0
461,CB,15/3/2020,58.0,18.0,2.0,0.0,10.0
462,CM,15/3/2020,567.0,207.0,23.0,17.0,12.0
463,CL,15/3/2020,292.0,45.0,8.0,6.0,5.0
464,CT,15/3/2020,903.0,,,,
465,CE,15/3/2020,1.0,0.0,0.0,0.0,0.0
466,VC,15/3/2020,409.0,390.0,47.0,5.0,2.0
467,EX,15/3/2020,111.0,9.0,1.0,2.0,4.0
468,GA,15/3/2020,245.0,49.0,9.0,2.0,4.0
469,MD,15/3/2020,4165.0,2337.0,253.0,213.0,474.0
470,ML,15/3/2020,8.0,4.0,0.0,0.0,0.0
471,MC,15/3/2020,77.0,13.0,2.0,0.0,1.0
472,NC,15/3/2020,274.0,58.0,5.0,1.0,0.0
473,PV,15/3/2020,630.0,262.0,29.0,23.0,5.0
474,RI,15/3/2020,312.0,64.0,13.0,4.0,2.0
475,AN,16/3/2020,683.0,229.0,13.0,11.0,0.0
476,AR,16/3/2020,207.0,74.0,9.0,12.0,0.0
477,AS,16/3/2020,193.0,34.0,5.0,1.0,3.0
478,IB,16/3/2020,92.0,26.0,4.0,1.0,1.0
479,CN,16/3/2020,148.0,56.0,13.0,2.0,8.0
480,CB,16/3/2020,58.0,18.0,2.0,0.0,10.0
481,CM,16/3/2020,567.0,207.0,23.0,17.0,12.0
482,CL,16/3/2020,431.0,95.0,24.0,12.0,5.0
483,CT,16/3/2020,1394.0,,,,
484,CE,16/3/2020,1.0,0.0,0.0,0.0,0.0
485,VC,16/3/2020,541.0,456.0,52.0,13.0,12.0
486,EX,16/3/2020,153.0,18.0,2.0,3.0,5.0
487,GA,16/3/2020,292.0,49.0,9.0,3.0,7.0
488,MD,16/3/2020,4871.0,3710.0,340.0,355.0,951.0
489,ML,16/3/2020,17.0,4.0,0.0,0.0,0.0
490,MC,16/3/2020,97.0,18.0,3.0,0.0,1.0
491,NC,16/3/2020,313.0,72.0,10.0,2.0,0.0
492,PV,16/3/2020,765.0,309.0,33.0,36.0,11.0
493,RI,16/3/2020,355.0,82.0,13.0,5.0,2.0
494,AN,17/3/2020,859.0,319.0,21.0,19.0,38.0
495,AR,17/3/2020,226.0,81.0,9.0,13.0,0.0
496,AS,17/3/2020,242.0,45.0,5.0,1.0,4.0
497,IB,17/3/2020,112.0,29.0,4.0,1.0,4.0
498,CN,17/3/2020,181.0,73.0,17.0,3.0,8.0
499,CB,17/3/2020,68.0,25.0,3.0,1.0,10.0
500,CM,17/3/2020,675.0,277.0,29.0,28.0,15.0
501,CL,17/3/2020,668.0,281.0,43.0,22.0,5.0
502,CT,17/3/2020,1866.0,,,,
503,CE,17/3/2020,1.0,0.0,0.0,0.0,0.0
504,VC,17/3/2020,726.0,530.0,65.0,22.0,16.0
505,EX,17/3/2020,194.0,27.0,3.0,6.0,6.0
506,GA,17/3/2020,341.0,63.0,12.0,3.0,7.0
507,MD,17/3/2020,5637.0,3778.0,491.0,390.0,951.0
508,ML,17/3/2020,20.0,4.0,0.0,0.0,0.0
509,MC,17/3/2020,122.0,22.0,4.0,0.0,1.0
510,NC,17/3/2020,386.0,93.0,10.0,3.0,0.0
511,PV,17/3/2020,973.0,353.0,37.0,40.0,14.0
512,RI,17/3/2020,419.0,99.0,13.0,5.0,2.0
513,AN,18/3/2020,1008.0,384.0,25.0,23.0,33.0
514,AR,18/3/2020,281.0,101.0,14.0,15.0,0.0
515,AS,18/3/2020,292.0,61.0,6.0,1.0,4.0
516,IB,18/3/2020,169.0,31.0,7.0,2.0,6.0
517,CN,18/3/2020,220.0,82.0,23.0,3.0,9.0
518,CB,18/3/2020,83.0,40.0,4.0,1.0,10.0
519,CM,18/3/2020,801.0,313.0,37.0,42.0,27.0
520,CL,18/3/2020,868.0,362.0,54.0,29.0,27.0
521,CT,18/3/2020,2702.0,,,,
522,CE,18/3/2020,1.0,0.0,0.0,0.0,0.0
523,VC,18/3/2020,921.0,647.0,85.0,24.0,19.0
524,EX,18/3/2020,241.0,36.0,3.0,8.0,6.0
525,GA,18/3/2020,453.0,100.0,15.0,4.0,4.0
526,MD,18/3/2020,6777.0,5168.0,590.0,498.0,941.0
527,ML,18/3/2020,23.0,4.0,0.0,0.0,0.0
528,MC,18/3/2020,167.0,36.0,6.0,0.0,1.0
529,NC,18/3/2020,482.0,132.0,11.0,4.0,0.0
530,PV,18/3/2020,1190.0,455.0,44.0,53.0,18.0
531,RI,18/3/2020,468.0,121.0,15.0,5.0,2.0
532,AN,19/3/2020,1287.0,501.0,38.0,30.0,36.0
533,AR,19/3/2020,360.0,127.0,28.0,17.0,0.0
534,AS,19/3/2020,344.0,87.0,7.0,2.0,12.0
535,IB,19/3/2020,203.0,48.0,10.0,2.0,10.0
536,CN,19/3/2020,287.0,115.0,25.0,4.0,9.0
537,CB,19/3/2020,144.0,61.0,7.0,1.0,10.0
538,CM,19/3/2020,1044.0,313.0,37.0,42.0,27.0
539,CL,19/3/2020,1147.0,476.0,69.0,43.0,37.0
540,CT,19/3/2020,3270.0,,,,
541,CE,19/3/2020,5.0,0.0,0.0,0.0,0.0
542,VC,19/3/2020,1105.0,777.0,101.0,33.0,20.0
543,EX,19/3/2020,297.0,44.0,4.0,10.0,7.0
544,GA,19/3/2020,578.0,138.0,19.0,5.0,5.0
545,MD,19/3/2020,7165.0,6338.0,678.0,628.0,1186.0
546,ML,19/3/2020,24.0,5.0,1.0,0.0,0.0
547,MC,19/3/2020,204.0,47.0,11.0,0.0,1.0
548,NC,19/3/2020,554.0,172.0,19.0,5.0,1.0
549,PV,19/3/2020,1465.0,550.0,53.0,71.0,21.0
550,RI,19/3/2020,497.0,122.0,15.0,7.0,13.0
551,AN,20/3/2020,1515.0,605.0,53.0,40.0,36.0
552,AR,20/3/2020,424.0,192.0,33.0,22.0,0.0
553,AS,20/3/2020,486.0,133.0,12.0,5.0,16.0
554,IB,20/3/2020,246.0,60.0,14.0,4.0,11.0
555,CN,20/3/2020,348.0,139.0,29.0,7.0,7.0
556,CB,20/3/2020,215.0,92.0,9.0,2.0,11.0
557,CM,20/3/2020,1423.0,635.0,65.0,84.0,38.0
558,CL,20/3/2020,1466.0,629.0,85.0,55.0,54.0
559,CT,20/3/2020,4203.0,,,,
560,CE,20/3/2020,5.0,0.0,0.0,0.0,0.0
561,VC,20/3/2020,1363.0,947.0,129.0,50.0,25.0
562,EX,20/3/2020,354.0,65.0,6.0,12.0,8.0
563,GA,20/3/2020,739.0,168.0,29.0,9.0,6.0
564,MD,20/3/2020,8921.0,7388.0,767.0,804.0,1542.0
565,ML,20/3/2020,25.0,8.0,1.0,0.0,0.0
566,MC,20/3/2020,240.0,61.0,14.0,1.0,1.0
567,NC,20/3/2020,664.0,222.0,25.0,9.0,1.0
568,PV,20/3/2020,1725.0,654.0,71.0,85.0,165.0
569,RI,20/3/2020,564.0,128.0,17.0,15.0,18.0
570,AN,21/3/2020,1725.0,724.0,55.0,47.0,38.0
571,AR,21/3/2020,532.0,241.0,45.0,24.0,3.0
572,AS,21/3/2020,545.0,171.0,15.0,8.0,20.0
573,IB,21/3/2020,331.0,79.0,14.0,4.0,17.0
574,CN,21/3/2020,414.0,150.0,32.0,9.0,7.0
575,CB,21/3/2020,282.0,116.0,9.0,5.0,11.0
576,CM,21/3/2020,1819.0,838.0,76.0,112.0,48.0
577,CL,21/3/2020,1744.0,798.0,106.0,74.0,89.0
578,CT,21/3/2020,4704.0,,,,
579,CE,21/3/2020,5.0,0.0,0.0,0.0,0.0
580,VC,21/3/2020,1604.0,1136.0,152.0,69.0,30.0
581,EX,21/3/2020,384.0,87.0,8.0,14.0,8.0
582,GA,21/3/2020,915.0,227.0,35.0,12.0,16.0
583,MD,21/3/2020,9702.0,8441.0,834.0,1021.0,1899.0
584,ML,21/3/2020,25.0,12.0,1.0,0.0,0.0
585,MC,21/3/2020,296.0,78.0,16.0,1.0,1.0
586,NC,21/3/2020,794.0,288.0,30.0,14.0,4.0
587,PV,21/3/2020,2097.0,988.0,81.0,97.0,216.0
588,RI,21/3/2020,654.0,134.0,17.0,18.0,18.0
589,AN,22/3/2020,1961.0,865.0,77.0,58.0,50.0
590,AR,22/3/2020,638.0,298.0,52.0,32.0,30.0
591,AS,22/3/2020,594.0,194.0,22.0,12.0,21.0
592,IB,22/3/2020,400.0,87.0,27.0,10.0,18.0
593,CN,22/3/2020,481.0,172.0,32.0,11.0,7.0
594,CB,22/3/2020,347.0,157.0,14.0,6.0,11.0
595,CM,22/3/2020,2078.0,1547.0,142.0,145.0,51.0
596,CL,22/3/2020,2055.0,977.0,120.0,102.0,117.0
597,CT,22/3/2020,5925.0,,,,
598,CE,22/3/2020,6.0,0.0,0.0,0.0,0.0
599,VC,22/3/2020,1901.0,1311.0,181.0,94.0,36.0
600,EX,22/3/2020,493.0,131.0,13.0,18.0,6.0
601,GA,22/3/2020,1208.0,270.0,47.0,18.0,19.0
602,MD,22/3/2020,10575.0,9561.0,942.0,1263.0,2063.0
603,ML,22/3/2020,28.0,12.0,1.0,0.0,0.0
604,MC,22/3/2020,345.0,80.0,23.0,2.0,1.0
605,NC,22/3/2020,886.0,339.0,40.0,24.0,7.0
606,PV,22/3/2020,2421.0,1252.0,92.0,120.0,283.0
607,RI,22/3/2020,747.0,166.0,22.0,22.0,18.0
608,AN,23/3/2020,2471.0,1132.0,102.0,87.0,66.0
609,AR,23/3/2020,758.0,384.0,66.0,37.0,3.0
610,AS,23/3/2020,662.0,224.0,23.0,22.0,30.0
611,IB,23/3/2020,478.0,127.0,35.0,10.0,19.0
612,CN,23/3/2020,557.0,207.0,36.0,16.0,8.0
613,CB,23/3/2020,425.0,200.0,16.0,9.0,12.0
614,CM,23/3/2020,2465.0,1826.0,182.0,216.0,53.0
615,CL,23/3/2020,2460.0,1197.0,137.0,124.0,140.0
616,CT,23/3/2020,7864.0,,,,
617,CE,23/3/2020,6.0,0.0,0.0,0.0,0.0
618,VC,23/3/2020,2167.0,1562.0,222.0,115.0,37.0
619,EX,23/3/2020,636.0,161.0,20.0,26.0,8.0
620,GA,23/3/2020,1415.0,338.0,55.0,20.0,19.0
621,MD,23/3/2020,12352.0,10443.0,1050.0,1535.0,2291.0
622,ML,23/3/2020,28.0,12.0,1.0,0.0,0.0
623,MC,23/3/2020,385.0,99.0,26.0,3.0,1.0
624,NC,23/3/2020,1014.0,405.0,45.0,31.0,11.0
625,PV,23/3/2020,2728.0,1425.0,106.0,133.0,344.0
626,RI,23/3/2020,802.0,206.0,24.0,30.0,24.0
627,AN,24/3/2020,3010.0,1433.0,116.0,113.0,71.0
628,AR,24/3/2020,907.0,459.0,75.0,40.0,4.0
629,AS,24/3/2020,779.0,263.0,29.0,25.0,35.0
630,IB,24/3/2020,562.0,164.0,40.0,13.0,28.0
631,CN,24/3/2020,657.0,235.0,43.0,21.0,15.0
632,CB,24/3/2020,510.0,241.0,18.0,14.0,12.0
633,CM,24/3/2020,2780.0,2162.0,210.0,263.0,71.0
634,CL,24/3/2020,2940.0,1457.0,170.0,165.0,213.0
635,CT,24/3/2020,9937.0,,,,
636,CE,24/3/2020,9.0,2.0,1.0,0.0,0.0
637,VC,24/3/2020,2616.0,1842.0,255.0,143.0,44.0
638,EX,24/3/2020,742.0,209.0,28.0,39.0,8.0
639,GA,24/3/2020,1653.0,412.0,69.0,27.0,25.0
640,MD,24/3/2020,14597.0,11153.0,1150.0,1825.0,3031.0
641,ML,24/3/2020,38.0,14.0,2.0,0.0,0.0
642,MC,24/3/2020,477.0,127.0,33.0,5.0,4.0
643,NC,24/3/2020,1197.0,506.0,51.0,33.0,23.0
644,PV,24/3/2020,3271.0,1577.0,119.0,155.0,466.0
645,RI,24/3/2020,928.0,254.0,33.0,37.0,43.0
646,AN,25/3/2020,3406.0,1626.0,134.0,134.0,77.0
647,AR,25/3/2020,1116.0,562.0,93.0,48.0,4.0
648,AS,25/3/2020,841.0,300.0,34.0,27.0,40.0
649,IB,25/3/2020,660.0,205.0,43.0,17.0,39.0
650,CN,25/3/2020,784.0,279.0,45.0,24.0,18.0
651,CB,25/3/2020,671.0,300.0,26.0,17.0,14.0
652,CM,25/3/2020,3383.0,2162.0,243.0,316.0,95.0
653,CL,25/3/2020,3488.0,1823.0,202.0,206.0,308.0
654,CT,25/3/2020,11592.0,,,,
655,CE,25/3/2020,10.0,2.0,2.0,0.0,0.0
656,VC,25/3/2020,3200.0,2097.0,289.0,167.0,57.0
657,EX,25/3/2020,969.0,241.0,34.0,58.0,24.0
658,GA,25/3/2020,1915.0,503.0,86.0,32.0,47.0
659,MD,25/3/2020,17166.0,12440.0,1221.0,2090.0,3882.0
660,ML,25/3/2020,39.0,16.0,2.0,1.0,0.0
661,MC,25/3/2020,596.0,172.0,36.0,8.0,9.0
662,NC,25/3/2020,1411.0,649.0,54.0,49.0,35.0
663,PV,25/3/2020,3946.0,1907.0,137.0,180.0,621.0
664,RI,25/3/2020,995.0,316.0,36.0,43.0,48.0
665,AN,26/3/2020,3793.0,1843.0,148.0,144.0,92.0
666,AR,26/3/2020,1338.0,693.0,114.0,58.0,8.0
667,AS,26/3/2020,900.0,339.0,47.0,29.0,52.0
668,IB,26/3/2020,755.0,237.0,46.0,22.0,67.0
669,CN,26/3/2020,878.0,328.0,61.0,27.0,20.0
670,CB,26/3/2020,810.0,355.0,29.0,21.0,19.0
671,CM,26/3/2020,3934.0,2707.0,273.0,367.0,153.0
672,CL,26/3/2020,4132.0,2214.0,228.0,252.0,423.0
673,CT,26/3/2020,12940.0,,,,
674,CE,26/3/2020,17.0,2.0,2.0,0.0,0.0
675,VC,26/3/2020,3532.0,2357.0,325.0,198.0,73.0
676,EX,26/3/2020,1231.0,277.0,41.0,69.0,33.0
677,GA,26/3/2020,2322.0,557.0,98.0,43.0,67.0
678,MD,26/3/2020,19243.0,13580.0,1312.0,2412.0,5044.0
679,ML,26/3/2020,42.0,18.0,2.0,1.0,0.0
680,MC,26/3/2020,714.0,209.0,53.0,15.0,12.0
681,NC,26/3/2020,1641.0,732.0,75.0,58.0,70.0
682,PV,26/3/2020,4601.0,2270.0,154.0,207.0,814.0
683,RI,26/3/2020,1236.0,388.0,43.0,55.0,62.0
684,AN,27/3/2020,4277.0,2106.0,172.0,175.0,139.0
685,AR,27/3/2020,1592.0,835.0,124.0,93.0,8.0
686,AS,27/3/2020,1004.0,408.0,50.0,33.0,65.0
687,IB,27/3/2020,862.0,283.0,59.0,26.0,80.0
688,CN,27/3/2020,1025.0,377.0,68.0,36.0,25.0
689,CB,27/3/2020,937.0,406.0,37.0,22.0,21.0
690,CM,27/3/2020,4512.0,2977.0,289.0,448.0,197.0
691,CL,27/3/2020,4791.0,2648.0,249.0,321.0,585.0
692,CT,27/3/2020,14263.0,,,,
693,CE,27/3/2020,17.0,2.0,2.0,1.0,0.0
694,VC,27/3/2020,4034.0,2606.0,348.0,234.0,92.0
695,EX,27/3/2020,1394.0,312.0,40.0,88.0,49.0
696,GA,27/3/2020,2772.0,906.0,112.0,47.0,95.0
697,MD,27/3/2020,21520.0,14211.0,1404.0,2757.0,6326.0
698,ML,27/3/2020,45.0,22.0,2.0,1.0,0.0
699,MC,27/3/2020,802.0,231.0,58.0,17.0,12.0
700,NC,27/3/2020,1829.0,827.0,84.0,70.0,98.0
701,PV,27/3/2020,5136.0,2612.0,176.0,241.0,1023.0
702,RI,27/3/2020,1436.0,458.0,43.0,65.0,364.0
703,AN,28/3/2020,4682.0,2294.0,201.0,207.0,148.0
704,AR,28/3/2020,1858.0,835.0,124.0,104.0,8.0
705,AS,28/3/2020,1088.0,466.0,57.0,41.0,76.0
706,IB,28/3/2020,958.0,345.0,71.0,29.0,82.0
707,CN,28/3/2020,1125.0,425.0,78.0,39.0,30.0
708,CB,28/3/2020,1023.0,449.0,40.0,26.0,24.0
709,CM,28/3/2020,5246.0,3018.0,299.0,539.0,236.0
710,CL,28/3/2020,5414.0,3160.0,278.0,380.0,752.0
711,CT,28/3/2020,15026.0,,,,
712,CE,28/3/2020,21.0,2.0,2.0,1.0,0.0
713,VC,28/3/2020,4784.0,2773.0,375.0,267.0,161.0
714,EX,28/3/2020,1456.0,313.0,41.0,100.0,51.0
715,GA,28/3/2020,3139.0,1043.0,123.0,60.0,153.0
716,MD,28/3/2020,22677.0,14454.0,1429.0,3082.0,7491.0
717,ML,28/3/2020,48.0,24.0,2.0,1.0,0.0
718,MC,28/3/2020,872.0,260.0,58.0,20.0,16.0
719,NC,28/3/2020,2011.0,896.0,90.0,84.0,125.0
720,PV,28/3/2020,5740.0,3106.0,271.0,265.0,1503.0
721,RI,28/3/2020,1629.0,497.0,43.0,68.0,397.0
722,AN,29/3/2020,5405.0,2671.0,216.0,236.0,155.0
723,AR,29/3/2020,2078.0,1094.0,156.0,106.0,174.0
724,AS,29/3/2020,1158.0,479.0,60.0,49.0,78.0
725,IB,29/3/2020,1000.0,353.0,80.0,37.0,100.0
726,CN,29/3/2020,1204.0,444.0,84.0,40.0,32.0
727,CB,29/3/2020,1100.0,481.0,46.0,27.0,24.0
728,CM,29/3/2020,5858.0,3134.0,302.0,622.0,252.0
729,CL,29/3/2020,5801.0,3411.0,307.0,442.0,871.0
730,CT,29/3/2020,16157.0,,,,
731,CE,29/3/2020,25.0,2.0,2.0,1.0,0.0
732,VC,29/3/2020,5110.0,2914.0,393.0,310.0,185.0
733,EX,29/3/2020,1560.0,353.0,43.0,106.0,60.0
734,GA,29/3/2020,3723.0,1147.0,134.0,66.0,168.0
735,MD,29/3/2020,24090.0,14917.0,1460.0,3392.0,8301.0
736,ML,29/3/2020,51.0,27.0,3.0,1.0,0.0
737,MC,29/3/2020,939.0,265.0,58.0,25.0,17.0
738,NC,29/3/2020,2146.0,955.0,96.0,102.0,161.0
739,PV,29/3/2020,6057.0,3427.0,293.0,297.0,1646.0
740,RI,29/3/2020,1733.0,517.0,43.0,71.0,431.0
741,AN,30/3/2020,5818.0,2867.0,235.0,248.0,160.0
742,AR,30/3/2020,2272.0,1176.0,165.0,138.0,204.0
743,AS,30/3/2020,1236.0,529.0,65.0,55.0,90.0
744,IB,30/3/2020,1069.0,399.0,85.0,42.0,111.0
745,CN,30/3/2020,1262.0,483.0,94.0,55.0,57.0
746,CB,30/3/2020,1171.0,522.0,50.0,37.0,35.0
747,CM,30/3/2020,6424.0,3225.0,344.0,708.0,296.0
748,CL,30/3/2020,6211.0,3629.0,325.0,516.0,1028.0
749,CT,30/3/2020,18773.0,,,,
750,CE,30/3/2020,34.0,3.0,3.0,1.0,0.0
751,VC,30/3/2020,5508.0,3111.0,416.0,339.0,200.0
752,EX,30/3/2020,1628.0,371.0,51.0,133.0,91.0
753,GA,30/3/2020,4039.0,1250.0,149.0,84.0,187.0
754,MD,30/3/2020,27509.0,15140.0,1514.0,3603.0,9330.0
755,ML,30/3/2020,54.0,27.0,3.0,1.0,0.0
756,MC,30/3/2020,974.0,283.0,59.0,34.0,20.0
757,NC,30/3/2020,2305.0,1035.0,99.0,113.0,192.0
758,PV,30/3/2020,6320.0,3594.0,307.0,325.0,1796.0
759,RI,30/3/2020,1810.0,575.0,51.0,85.0,496.0
760,AN,31/3/2020,6392.0,3147.0,260.0,308.0,182.0
761,AR,31/3/2020,2491.0,1234.0,168.0,169.0,257.0
762,AS,31/3/2020,1322.0,590.0,76.0,63.0,109.0
763,IB,31/3/2020,1131.0,468.0,95.0,46.0,170.0
764,CN,31/3/2020,1380.0,532.0,110.0,62.0,77.0
765,CB,31/3/2020,1213.0,543.0,54.0,54.0,43.0
766,CM,31/3/2020,7047.0,3230.0,353.0,774.0,397.0
767,CL,31/3/2020,6847.0,3951.0,345.0,585.0,1259.0
768,CT,31/3/2020,19991.0,,,,
769,CE,31/3/2020,51.0,6.0,3.0,1.0,0.0
770,VC,31/3/2020,5922.0,3253.0,434.0,395.0,240.0
771,EX,31/3/2020,1679.0,372.0,58.0,152.0,113.0
772,GA,31/3/2020,4432.0,1338.0,158.0,103.0,259.0
773,MD,31/3/2020,29840.0,15227.0,1514.0,3865.0,10827.0
774,ML,31/3/2020,62.0,32.0,3.0,1.0,0.0
775,MC,31/3/2020,1041.0,304.0,59.0,37.0,43.0
776,NC,31/3/2020,2497.0,1120.0,104.0,130.0,236.0
777,PV,31/3/2020,6838.0,3806.0,324.0,369.0,2165.0
778,RI,31/3/2020,1960.0,619.0,54.0,90.0,569.0
779,AN,1/4/2020,6972.0,3444.0,280.0,343.0,228.0
780,AR,1/4/2020,2700.0,1320.0,178.0,200.0,320.0
781,AS,1/4/2020,1384.0,640.0,79.0,69.0,135.0
782,IB,1/4/2020,1204.0,517.0,105.0,58.0,239.0
783,CN,1/4/2020,1444.0,566.0,113.0,68.0,94.0
784,CB,1/4/2020,1268.0,567.0,57.0,60.0,60.0
785,CM,1/4/2020,7682.0,3230.0,355.0,854.0,494.0
786,CL,1/4/2020,7355.0,4207.0,353.0,641.0,1498.0
787,CT,1/4/2020,21804.0,,,,
788,CE,1/4/2020,55.0,7.0,3.0,1.0,0.0
789,VC,1/4/2020,6308.0,3389.0,449.0,443.0,432.0
790,EX,1/4/2020,1837.0,412.0,62.0,181.0,139.0
791,GA,1/4/2020,4842.0,1447.0,165.0,120.0,333.0
792,MD,1/4/2020,32155.0,15227.0,1528.0,4175.0,12400.0
793,ML,1/4/2020,62.0,32.0,3.0,1.0,0.0
794,MC,1/4/2020,1084.0,389.0,68.0,42.0,45.0
795,NC,1/4/2020,2682.0,1181.0,108.0,141.0,278.0
796,PV,1/4/2020,7317.0,4087.0,344.0,412.0,2490.0
797,RI,1/4/2020,2083.0,660.0,57.0,101.0,641.0
798,AN,2/4/2020,7374.0,3673.0,338.0,376.0,258.0
799,AR,2/4/2020,2889.0,1431.0,180.0,224.0,378.0
800,AS,2/4/2020,1433.0,702.0,86.0,70.0,154.0
801,IB,2/4/2020,1257.0,587.0,112.0,69.0,375.0
802,CN,2/4/2020,1490.0,605.0,120.0,73.0,102.0
803,CB,2/4/2020,1321.0,592.0,59.0,64.0,74.0
804,CM,2/4/2020,8523.0,3168.0,355.0,916.0,579.0
805,CL,2/4/2020,7875.0,4472.0,355.0,723.0,1759.0
806,CT,2/4/2020,23460.0,,,,
807,CE,2/4/2020,62.0,8.0,3.0,1.0,2.0
808,VC,2/4/2020,6624.0,3492.0,460.0,511.0,592.0
809,EX,2/4/2020,1893.0,415.0,64.0,200.0,164.0
810,GA,2/4/2020,5219.0,1630.0,178.0,138.0,435.0
811,MD,2/4/2020,34188.0,15050.0,1506.0,4483.0,13850.0
812,ML,2/4/2020,70.0,34.0,3.0,2.0,4.0
813,MC,2/4/2020,1145.0,405.0,72.0,46.0,90.0
814,NC,2/4/2020,2836.0,1284.0,119.0,151.0,294.0
815,PV,2/4/2020,7827.0,4283.0,363.0,444.0,2809.0
816,RI,2/4/2020,2224.0,738.0,64.0,109.0,745.0
817,AN,3/4/2020,7869.0,3896.0,364.0,426.0,463.0
818,AR,3/4/2020,3078.0,1505.0,190.0,251.0,440.0
819,AS,3/4/2020,1522.0,766.0,87.0,76.0,190.0
820,IB,3/4/2020,1271.0,634.0,114.0,71.0,422.0
821,CN,3/4/2020,1564.0,632.0,128.0,78.0,123.0
822,CB,3/4/2020,1384.0,619.0,60.0,68.0,99.0
823,CM,3/4/2020,9324.0,3133.0,360.0,989.0,657.0
824,CL,3/4/2020,8332.0,4685.0,348.0,786.0,2021.0
825,CT,3/4/2020,24734.0,,,,
826,CE,3/4/2020,73.0,8.0,4.0,1.0,2.0
827,VC,3/4/2020,6901.0,3560.0,470.0,571.0,695.0
828,EX,3/4/2020,1979.0,453.0,64.0,208.0,205.0
829,GA,3/4/2020,5625.0,1767.0,178.0,159.0,531.0
830,MD,3/4/2020,36249.0,14741.0,1498.0,4723.0,15362.0
831,ML,3/4/2020,79.0,37.0,3.0,2.0,9.0
832,MC,3/4/2020,1188.0,434.0,79.0,51.0,113.0
833,NC,3/4/2020,2972.0,1341.0,120.0,171.0,311.0
834,PV,3/4/2020,8187.0,4522.0,377.0,477.0,3098.0
835,RI,3/4/2020,2405.0,805.0,64.0,128.0,843.0
836,AN,4/4/2020,8301.0,4107.0,474.0,470.0,665.0
837,AR,4/4/2020,3232.0,1588.0,233.0,270.0,537.0
838,AS,4/4/2020,1605.0,808.0,90.0,80.0,216.0
839,IB,4/4/2020,1293.0,664.0,120.0,75.0,461.0
840,CN,4/4/2020,1622.0,644.0,129.0,80.0,137.0
841,CB,4/4/2020,1441.0,639.0,62.0,68.0,113.0
842,CM,4/4/2020,10031.0,2950.0,357.0,1055.0,1149.0
843,CL,4/4/2020,8749.0,4905.0,351.0,847.0,2331.0
844,CT,4/4/2020,26032.0,,,,
845,CE,4/4/2020,83.0,9.0,4.0,2.0,2.0
846,VC,4/4/2020,7184.0,3620.0,478.0,613.0,812.0
847,EX,4/4/2020,2047.0,417.0,66.0,218.0,215.0
848,GA,4/4/2020,5944.0,1831.0,170.0,174.0,587.0
849,MD,4/4/2020,37584.0,14551.0,1499.0,4941.0,16543.0
850,ML,4/4/2020,83.0,38.0,3.0,2.0,11.0
851,MC,4/4/2020,1235.0,447.0,80.0,59.0,130.0
852,NC,4/4/2020,3073.0,1399.0,123.0,178.0,334.0
853,PV,4/4/2020,8628.0,4666.0,404.0,515.0,3405.0
854,RI,4/4/2020,2592.0,855.0,66.0,134.0,904.0
855,AN,5/4/2020,8581.0,4227.0,489.0,491.0,798.0
856,AR,5/4/2020,3347.0,1637.0,237.0,284.0,565.0
857,AS,5/4/2020,1646.0,846.0,90.0,86.0,222.0
858,IB,5/4/2020,1320.0,683.0,121.0,81.0,531.0
859,CN,5/4/2020,1649.0,651.0,133.0,85.0,157.0
860,CB,5/4/2020,1483.0,658.0,65.0,77.0,118.0
861,CM,5/4/2020,10602.0,2901.0,354.0,1132.0,1259.0
862,CL,5/4/2020,9116.0,5041.0,348.0,919.0,2533.0
863,CT,5/4/2020,26824.0,,,,
864,CE,5/4/2020,83.0,9.0,4.0,3.0,2.0
865,VC,5/4/2020,7334.0,3668.0,487.0,637.0,930.0
866,EX,5/4/2020,2068.0,453.0,66.0,228.0,223.0
867,GA,5/4/2020,6151.0,1916.0,170.0,190.0,610.0
868,MD,5/4/2020,38723.0,14501.0,1510.0,5136.0,17322.0
869,ML,5/4/2020,86.0,38.0,3.0,2.0,11.0
870,MC,5/4/2020,1259.0,468.0,81.0,68.0,156.0
871,NC,5/4/2020,3231.0,1432.0,124.0,187.0,380.0
872,PV,5/4/2020,8810.0,4794.0,410.0,548.0,3568.0
873,RI,5/4/2020,2719.0,888.0,66.0,141.0,964.0
874,AN,6/4/2020,8767.0,4335.0,499.0,528.0,900.0
875,AR,6/4/2020,3449.0,1663.0,247.0,312.0,578.0
876,AS,6/4/2020,1679.0,889.0,91.0,96.0,244.0
877,IB,6/4/2020,1369.0,705.0,124.0,84.0,537.0
878,CN,6/4/2020,1725.0,689.0,137.0,89.0,186.0
879,CB,6/4/2020,1501.0,677.0,66.0,85.0,129.0
880,CM,6/4/2020,11077.0,2908.0,360.0,1177.0,1353.0
881,CL,6/4/2020,9581.0,5180.0,346.0,982.0,2711.0
882,CT,6/4/2020,28323.0,,,,
883,CE,6/4/2020,83.0,9.0,4.0,4.0,2.0
884,VC,6/4/2020,7443.0,3698.0,492.0,672.0,1103.0
885,EX,6/4/2020,2116.0,686.0,70.0,258.0,282.0
886,GA,6/4/2020,6331.0,1968.0,162.0,204.0,688.0
887,MD,6/4/2020,40469.0,13950.0,1494.0,5371.0,18410.0
888,ML,6/4/2020,92.0,40.0,3.0,2.0,11.0
889,MC,6/4/2020,1283.0,500.0,84.0,78.0,193.0
890,NC,6/4/2020,3355.0,1488.0,124.0,202.0,421.0
891,PV,6/4/2020,9021.0,4856.0,417.0,586.0,3728.0
892,RI,6/4/2020,2846.0,918.0,66.0,160.0,994.0
893,AN,7/4/2020,8997.0,4463.0,520.0,605.0,1041.0
894,AR,7/4/2020,3549.0,1716.0,255.0,349.0,659.0
895,AS,7/4/2020,1705.0,958.0,91.0,102.0,294.0
896,IB,7/4/2020,1412.0,731.0,129.0,89.0,616.0
897,CN,7/4/2020,1762.0,703.0,138.0,91.0,249.0
898,CB,7/4/2020,1572.0,700.0,69.0,92.0,175.0
899,CM,7/4/2020,11788.0,2731.0,354.0,1255.0,1557.0
900,CL,7/4/2020,10058.0,5322.0,342.0,1028.0,2988.0
901,CT,7/4/2020,29647.0,,,,
902,CE,7/4/2020,84.0,9.0,4.0,4.0,7.0
903,VC,7/4/2020,7655.0,3713.0,496.0,724.0,1344.0
904,EX,7/4/2020,2184.0,898.0,98.0,271.0,328.0
905,GA,7/4/2020,6538.0,2014.0,158.0,213.0,800.0
906,MD,7/4/2020,42450.0,13289.0,1450.0,5586.0,19836.0
907,ML,7/4/2020,93.0,40.0,3.0,2.0,12.0
908,MC,7/4/2020,1326.0,515.0,86.0,85.0,203.0
909,NC,7/4/2020,3467.0,1526.0,124.0,206.0,450.0
910,PV,7/4/2020,9452.0,4982.0,430.0,635.0,4151.0
911,RI,7/4/2020,2951.0,955.0,68.0,177.0,1061.0
912,AN,8/4/2020,9261.0,4599.0,538.0,652.0,1193.0
913,AR,8/4/2020,3685.0,1765.0,261.0,385.0,718.0
914,AS,8/4/2020,1737.0,1018.0,94.0,110.0,340.0
915,IB,8/4/2020,1448.0,751.0,132.0,89.0,696.0
916,CN,8/4/2020,1834.0,730.0,140.0,92.0,359.0
917,CB,8/4/2020,1619.0,720.0,71.0,98.0,214.0
918,CM,8/4/2020,12489.0,2575.0,342.0,1322.0,1766.0
919,CL,8/4/2020,10518.0,5523.0,338.0,1082.0,3242.0
920,CT,8/4/2020,31043.0,,,,
921,CE,8/4/2020,84.0,9.0,4.0,4.0,7.0
922,VC,8/4/2020,7964.0,3815.0,541.0,767.0,1772.0
923,EX,8/4/2020,2273.0,958.0,99.0,283.0,381.0
924,GA,8/4/2020,6758.0,2094.0,155.0,231.0,910.0
925,MD,8/4/2020,43877.0,12853.0,1433.0,5800.0,21121.0
926,ML,8/4/2020,93.0,40.0,3.0,2.0,16.0
927,MC,8/4/2020,1356.0,533.0,87.0,88.0,219.0
928,NC,8/4/2020,3575.0,1526.0,124.0,214.0,462.0
929,PV,8/4/2020,9806.0,5130.0,433.0,689.0,4514.0
930,RI,8/4/2020,3026.0,997.0,69.0,182.0,1172.0
931,AN,9/4/2020,9510.0,4715.0,582.0,691.0,1437.0
932,AR,9/4/2020,3831.0,1822.0,263.0,409.0,797.0
933,AS,9/4/2020,1799.0,1083.0,100.0,121.0,372.0
934,IB,9/4/2020,1488.0,777.0,136.0,97.0,737.0
935,CN,9/4/2020,1858.0,738.0,141.0,94.0,386.0
936,CB,9/4/2020,1659.0,747.0,73.0,102.0,265.0
937,CM,9/4/2020,13063.0,2359.0,329.0,1431.0,1982.0
938,CL,9/4/2020,11102.0,5674.0,332.0,1129.0,3506.0
939,CT,9/4/2020,31824.0,,,,
940,CE,9/4/2020,91.0,9.0,4.0,4.0,12.0
941,VC,9/4/2020,8331.0,3987.0,561.0,796.0,2085.0
942,EX,9/4/2020,2332.0,1003.0,101.0,288.0,397.0
943,GA,9/4/2020,6946.0,2165.0,151.0,243.0,997.0
944,MD,9/4/2020,44783.0,12432.0,1399.0,5972.0,22414.0
945,ML,9/4/2020,95.0,41.0,3.0,2.0,17.0
946,MC,9/4/2020,1383.0,533.0,88.0,90.0,255.0
947,NC,9/4/2020,3748.0,1620.0,124.0,218.0,560.0
948,PV,9/4/2020,10103.0,5290.0,442.0,729.0,4680.0
949,RI,9/4/2020,3076.0,1047.0,71.0,196.0,1256.0
950,AN,10/4/2020,9712.0,4808.0,602.0,737.0,1630.0
951,AR,10/4/2020,3969.0,1860.0,266.0,425.0,888.0
952,AS,10/4/2020,1827.0,1147.0,105.0,128.0,414.0
953,IB,10/4/2020,1507.0,778.0,137.0,102.0,757.0
954,CN,10/4/2020,1887.0,745.0,144.0,95.0,432.0
955,CB,10/4/2020,1719.0,773.0,75.0,107.0,281.0
956,CM,10/4/2020,13456.0,2198.0,316.0,1483.0,2205.0
957,CL,10/4/2020,11543.0,5817.0,327.0,1180.0,3757.0
958,CT,10/4/2020,32984.0,,,,
959,CE,10/4/2020,93.0,9.0,4.0,4.0,17.0
960,VC,10/4/2020,8578.0,4132.0,565.0,818.0,2289.0
961,EX,10/4/2020,2486.0,1052.0,104.0,303.0,462.0
962,GA,10/4/2020,7176.0,2215.0,144.0,261.0,1082.0
963,MD,10/4/2020,45849.0,11894.0,1376.0,6084.0,23663.0
964,ML,10/4/2020,98.0,43.0,3.0,2.0,18.0
965,MC,10/4/2020,1413.0,533.0,88.0,94.0,275.0
966,NC,10/4/2020,3817.0,1641.0,124.0,227.0,603.0
967,PV,10/4/2020,10515.0,5402.0,453.0,765.0,4741.0
968,RI,10/4/2020,3223.0,1082.0,73.0,207.0,1337.0
969,AN,11/4/2020,10006.0,4950.0,619.0,799.0,1838.0
970,AR,11/4/2020,4070.0,1901.0,272.0,450.0,934.0
971,AS,11/4/2020,1892.0,1208.0,106.0,140.0,430.0
972,IB,11/4/2020,1534.0,805.0,142.0,112.0,848.0
973,CN,11/4/2020,1918.0,758.0,144.0,95.0,447.0
974,CB,11/4/2020,1752.0,805.0,75.0,110.0,297.0
975,CM,11/4/2020,13698.0,6838.0,316.0,1543.0,2365.0
976,CL,11/4/2020,12118.0,5957.0,323.0,1221.0,4010.0
977,CT,11/4/2020,34027.0,,,,
978,CE,11/4/2020,93.0,9.0,4.0,4.0,17.0
979,VC,11/4/2020,8841.0,4149.0,567.0,838.0,2624.0
980,EX,11/4/2020,2580.0,1074.0,106.0,312.0,481.0
981,GA,11/4/2020,7336.0,2306.0,140.0,274.0,1143.0
982,MD,11/4/2020,46587.0,11424.0,1332.0,6278.0,24683.0
983,ML,11/4/2020,98.0,43.0,3.0,2.0,18.0
984,MC,11/4/2020,1449.0,537.0,91.0,97.0,344.0
985,NC,11/4/2020,3969.0,1663.0,124.0,232.0,650.0
986,PV,11/4/2020,10772.0,5547.0,459.0,804.0,4867.0
987,RI,11/4/2020,3279.0,1122.0,73.0,219.0,1420.0
988,AN,12/4/2020,10095.0,4993.0,621.0,815.0,1967.0
989,AR,12/4/2020,4187.0,1938.0,274.0,464.0,946.0
990,AS,12/4/2020,1958.0,1265.0,110.0,149.0,434.0
991,IB,12/4/2020,1550.0,811.0,143.0,117.0,862.0
992,CN,12/4/2020,1944.0,763.0,145.0,96.0,458.0
993,CB,12/4/2020,1777.0,827.0,75.0,117.0,317.0
994,CM,12/4/2020,14054.0,7782.0,475.0,1626.0,2532.0
995,CL,12/4/2020,12628.0,6077.0,312.0,1263.0,4154.0
996,CT,12/4/2020,34726.0,,,,
997,CE,12/4/2020,95.0,9.0,4.0,4.0,20.0
998,VC,12/4/2020,9060.0,4269.0,576.0,876.0,2803.0
999,EX,12/4/2020,2658.0,1096.0,108.0,321.0,511.0
1000,GA,12/4/2020,7494.0,2344.0,136.0,284.0,1186.0
1001,MD,12/4/2020,47146.0,11233.0,1327.0,6423.0,25385.0
1002,ML,12/4/2020,101.0,43.0,3.0,2.0,18.0
1003,MC,12/4/2020,1463.0,543.0,94.0,101.0,353.0
1004,NC,12/4/2020,4092.0,1693.0,124.0,239.0,695.0
1005,PV,12/4/2020,11018.0,5622.0,464.0,831.0,5026.0
1006,RI,12/4/2020,3358.0,1141.0,73.0,223.0,1458.0
1007,AN,13/4/2020,10203.0,5054.0,631.0,836.0,2032.0
1008,AR,13/4/2020,4245.0,1966.0,280.0,492.0,963.0
1009,AS,13/4/2020,2051.0,1330.0,111.0,156.0,458.0
1010,IB,13/4/2020,1571.0,826.0,145.0,118.0,871.0
1011,CN,13/4/2020,1958.0,771.0,147.0,102.0,589.0
1012,CB,13/4/2020,1796.0,853.0,76.0,120.0,323.0
1013,CM,13/4/2020,14329.0,7830.0,486.0,1714.0,2943.0
1014,CL,13/4/2020,13180.0,6175.0,308.0,1299.0,4266.0
1015,CT,13/4/2020,35197.0,,,,
1016,CE,13/4/2020,96.0,9.0,4.0,4.0,22.0
1017,VC,13/4/2020,9213.0,4397.0,581.0,907.0,3069.0
1018,EX,13/4/2020,2684.0,1114.0,108.0,334.0,578.0
1019,GA,13/4/2020,7597.0,2403.0,133.0,290.0,1240.0
1020,MD,13/4/2020,48048.0,10753.0,1299.0,6568.0,26247.0
1021,ML,13/4/2020,101.0,43.0,3.0,2.0,18.0
1022,MC,13/4/2020,1487.0,566.0,96.0,106.0,476.0
1023,NC,13/4/2020,4150.0,1705.0,124.0,249.0,730.0
1024,PV,13/4/2020,11226.0,5679.0,470.0,859.0,5193.0
1025,RI,13/4/2020,3420.0,1152.0,74.0,234.0,1519.0
1026,AN,14/4/2020,10426.0,5147.0,665.0,865.0,2224.0
1027,AR,14/4/2020,4338.0,2006.0,282.0,514.0,1012.0
1028,AS,14/4/2020,2096.0,1387.0,114.0,166.0,487.0
1029,IB,14/4/2020,1606.0,857.0,149.0,125.0,881.0
1030,CN,14/4/2020,1975.0,781.0,152.0,104.0,622.0
1031,CB,14/4/2020,1823.0,873.0,76.0,132.0,363.0
1032,CM,14/4/2020,14680.0,7896.0,495.0,1755.0,2998.0
1033,CL,14/4/2020,13697.0,6306.0,306.0,1337.0,4521.0
1034,CT,14/4/2020,36505.0,,,,
1035,CE,14/4/2020,98.0,9.0,4.0,4.0,30.0
1036,VC,14/4/2020,9424.0,4465.0,588.0,945.0,3360.0
1037,EX,14/4/2020,2762.0,1155.0,109.0,342.0,615.0
1038,GA,14/4/2020,7708.0,2471.0,128.0,299.0,1298.0
1039,MD,14/4/2020,49526.0,10116.0,1244.0,6724.0,27433.0
1040,ML,14/4/2020,102.0,43.0,3.0,2.0,24.0
1041,MC,14/4/2020,1520.0,574.0,97.0,109.0,513.0
1042,NC,14/4/2020,4246.0,1731.0,124.0,252.0,808.0
1043,PV,14/4/2020,11475.0,5750.0,471.0,902.0,5428.0
1044,RI,14/4/2020,3457.0,1182.0,75.0,246.0,1585.0
1045,AN,15/4/2020,10638.0,5226.0,671.0,912.0,2634.0
1046,AR,15/4/2020,4566.0,2108.0,291.0,543.0,1087.0
1047,AS,15/4/2020,2170.0,1432.0,116.0,168.0,522.0
1048,IB,15/4/2020,1637.0,872.0,152.0,131.0,918.0
1049,CN,15/4/2020,1988.0,802.0,156.0,107.0,673.0
1050,CB,15/4/2020,1845.0,890.0,77.0,137.0,442.0
1051,CM,15/4/2020,15151.0,7987.0,503.0,1796.0,3378.0
1052,CL,15/4/2020,14380.0,6449.0,307.0,1372.0,4725.0
1053,CT,15/4/2020,37354.0,,,,
1054,CE,15/4/2020,100.0,9.0,4.0,4.0,41.0
1055,VC,15/4/2020,9615.0,4524.0,625.0,972.0,3702.0
1056,EX,15/4/2020,2881.0,1186.0,110.0,359.0,649.0
1057,GA,15/4/2020,7873.0,2494.0,123.0,310.0,1383.0
1058,MD,15/4/2020,50694.0,9653.0,1206.0,6877.0,28491.0
1059,ML,15/4/2020,103.0,43.0,3.0,2.0,27.0
1060,MC,15/4/2020,1598.0,575.0,97.0,111.0,516.0
1061,NC,15/4/2020,4348.0,1752.0,124.0,261.0,845.0
1062,PV,15/4/2020,11790.0,5863.0,478.0,956.0,5813.0
1063,RI,15/4/2020,3542.0,1207.0,75.0,257.0,1654.0
1064,AN,16/4/2020,10913.0,5298.0,675.0,940.0,2790.0
1065,AR,16/4/2020,4664.0,2151.0,240.0,562.0,1121.0
1066,AS,16/4/2020,2230.0,1474.0,118.0,174.0,545.0
1067,IB,16/4/2020,1668.0,905.0,152.0,134.0,938.0
1068,CN,16/4/2020,2009.0,811.0,159.0,111.0,730.0
1069,CB,16/4/2020,1884.0,903.0,78.0,144.0,510.0
1070,CM,16/4/2020,15997.0,8018.0,511.0,1852.0,3600.0
1071,CL,16/4/2020,14903.0,6518.0,297.0,1401.0,4924.0
1072,CT,16/4/2020,38316.0,,,,
1073,CE,16/4/2020,101.0,9.0,4.0,4.0,44.0
1074,VC,16/4/2020,9719.0,4605.0,632.0,999.0,4024.0
1075,EX,16/4/2020,3019.0,1212.0,110.0,372.0,707.0
1076,GA,16/4/2020,8013.0,2535.0,117.0,320.0,1456.0
1077,MD,16/4/2020,51993.0,9141.0,1154.0,7007.0,29436.0
1078,ML,16/4/2020,104.0,44.0,3.0,2.0,30.0
1079,MC,16/4/2020,1625.0,585.0,99.0,112.0,545.0
1080,NC,16/4/2020,4433.0,1781.0,124.0,338.0,892.0
1081,PV,16/4/2020,12089.0,5939.0,484.0,992.0,6144.0
1082,RI,16/4/2020,3550.0,1226.0,76.0,262.0,1729.0
1083,AN,17/4/2020,11020.0,5341.0,677.0,967.0,2948.0
1084,AR,17/4/2020,4761.0,2180.0,243.0,601.0,1121.0
1085,AS,17/4/2020,2272.0,1520.0,119.0,187.0,575.0
1086,IB,17/4/2020,1748.0,937.0,157.0,148.0,958.0
1087,CN,17/4/2020,2035.0,822.0,160.0,115.0,785.0
1088,CB,17/4/2020,1990.0,911.0,78.0,149.0,534.0
1089,CM,17/4/2020,16349.0,8093.0,514.0,1913.0,3838.0
1090,CL,17/4/2020,15293.0,6831.0,495.0,1429.0,5103.0
1091,CT,17/4/2020,39943.0,,,,
1092,CE,17/4/2020,108.0,9.0,4.0,4.0,53.0
1093,VC,17/4/2020,9795.0,4708.0,636.0,1042.0,4306.0
1094,EX,17/4/2020,3081.0,1240.0,112.0,380.0,736.0
1095,GA,17/4/2020,8084.0,2554.0,115.0,334.0,0.0
1096,MD,17/4/2020,52946.0,8597.0,1094.0,7132.0,30475.0
1097,ML,17/4/2020,104.0,44.0,3.0,2.0,30.0
1098,MC,17/4/2020,1638.0,611.0,102.0,115.0,638.0
1099,NC,17/4/2020,4556.0,1829.0,127.0,354.0,954.0
1100,PV,17/4/2020,12355.0,6030.0,490.0,1020.0,6556.0
1101,RI,17/4/2020,3648.0,1249.0,78.0,272.0,1777.0
1102,AN,18/4/2020,11205.0,5424.0,687.0,993.0,3116.0
1103,AR,18/4/2020,4831.0,2216.0,246.0,619.0,1175.0
1104,AS,18/4/2020,2298.0,1571.0,120.0,196.0,596.0
1105,IB,18/4/2020,1773.0,955.0,160.0,155.0,993.0
1106,CN,18/4/2020,2047.0,825.0,162.0,119.0,789.0
1107,CB,18/4/2020,2050.0,924.0,78.0,153.0,610.0
1108,CM,18/4/2020,16625.0,8137.0,518.0,1963.0,3963.0
1109,CL,18/4/2020,15621.0,6981.0,498.0,1458.0,5262.0
1110,CT,18/4/2020,40600.0,,,,
1111,CE,18/4/2020,109.0,9.0,4.0,4.0,59.0
1112,VC,18/4/2020,9937.0,4781.0,643.0,1065.0,4547.0
1113,EX,18/4/2020,3136.0,1278.0,112.0,384.0,767.0
1114,GA,18/4/2020,8185.0,2590.0,112.0,346.0,0.0
1115,MD,18/4/2020,54884.0,8291.0,1123.0,7239.0,31313.0
1116,ML,18/4/2020,104.0,44.0,3.0,2.0,44.0
1117,MC,18/4/2020,1644.0,612.0,102.0,116.0,652.0
1118,NC,18/4/2020,4621.0,1843.0,127.0,369.0,992.0
1119,PV,18/4/2020,12569.0,6086.0,499.0,1062.0,6972.0
1120,RI,18/4/2020,3705.0,1268.0,79.0,277.0,1816.0
1121,AN,19/4/2020,11323.0,5473.0,690.0,1013.0,3229.0
1122,AR,19/4/2020,4886.0,2244.0,248.0,637.0,1178.0
1123,AS,19/4/2020,2348.0,1599.0,122.0,200.0,599.0
1124,IB,19/4/2020,1788.0,963.0,161.0,157.0,1005.0
1125,CN,19/4/2020,2067.0,826.0,163.0,119.0,813.0
1126,CB,19/4/2020,2083.0,934.0,78.0,158.0,626.0
1127,CM,19/4/2020,16796.0,8173.0,531.0,2021.0,4178.0
1128,CL,19/4/2020,15857.0,7080.0,501.0,1493.0,5366.0
1129,CT,19/4/2020,41676.0,,,,
1130,CE,19/4/2020,111.0,9.0,4.0,4.0,74.0
1131,VC,19/4/2020,10018.0,4827.0,646.0,1079.0,4629.0
1132,EX,19/4/2020,3186.0,1306.0,112.0,389.0,858.0
1133,GA,19/4/2020,8299.0,2609.0,108.0,352.0,1548.0
1134,MD,19/4/2020,56963.0,8191.0,1111.0,7351.0,31762.0
1135,ML,19/4/2020,104.0,44.0,3.0,2.0,46.0
1136,MC,19/4/2020,1646.0,612.0,103.0,117.0,662.0
1137,NC,19/4/2020,4697.0,1856.0,128.0,385.0,1123.0
1138,PV,19/4/2020,12628.0,6109.0,501.0,1081.0,7124.0
1139,RI,19/4/2020,3734.0,1282.0,79.0,285.0,1833.0
1140,NOTA: El objetivo de los datos que se publican en esta web es saber el número de casos acumulados a la fecha y que por tanto no se puede deducir que la diferencia entre un día y el anterior es el número de casos nuevos ya que esos casos pueden haber sido recuperados de fechas anteriores. Cualquier inferencia que se haga sobre las diferencias de un día para otro deben hacerse con precaución y son únicamente la responsabilidad del autor.,,,,,,
1141,Los datos de estas comunidades son datos de prevalencia (personas ingresadas a fecha de hoy). No reflejan el total de personas que han sido hospitalizadas o ingresadas en UCI  a lo largo del periodo de notificación(CL(UCIs)-GA(UCIS)-CM*-MD),,,,,,
1142,* Desde el día 11/04/2020 las cifras de hospitalizados de CM son casos acumulados. Previamente se refieren a personas ingresadas ese día.,,,,,,
1143,* Desde el día 12/04/2020 las cifras de UCIs de CM son casos acumulados. Previamente se refieren a personas ingresadas ese día.,,,,,,
1144,NOTA2:La serie histórica de CT se ha eliminado porque está en revisión por dicha comunidad autónoma.Solo se muestra la de casos.,,,,,,
1145,NOTA3:Se excluyen de la serie las notificaciones de personas  con anticuerpos positivos sin síntomas en el momento de realización de la prueba en los que no se puede establecer un momento de contagio ni si han padecido o no la enfermedad.,,,,,,
